document_id,term_id,frequency
0,0,10
0,1234,8
0,1,1
0,1260,2
0,1261,1
0,1262,1
0,1263,1
0,1252,1
0,1235,1
0,2,1
0,3,1
0,1080,2
0,4,1
0,964,1
0,965,1
0,1236,3
0,1081,1
0,1222,2
0,1223,1
0,1243,2
0,761,1
0,762,1
0,1142,2
0,1082,1
0,763,1
0,1224,2
0,1237,3
0,1244,1
0,1185,1
0,1208,1
0,1083,1
0,1225,1
0,1143,1
0,764,1
0,966,1
0,1226,2
0,1144,2
0,5,2
0,1145,1
0,765,1
0,1245,1
0,766,1
0,1084,2
0,6,1
0,1146,1
0,1147,1
0,1257,2
0,7,1
0,967,1
0,8,1
0,1249,1
0,767,1
0,768,1
0,1085,1
0,769,1
0,9,1
0,1148,1
0,10,1
0,11,1
0,1255,2
0,12,1
0,13,1
0,1209,1
0,1210,1
0,770,1
0,1211,1
0,771,1
0,1186,1
0,1187,1
0,1212,1
0,1253,2
0,1259,2
0,772,2
0,1086,1
0,1149,1
0,14,1
0,1188,1
0,1189,1
0,15,1
0,968,2
0,1087,1
0,969,1
0,970,1
0,16,1
0,17,1
0,1150,1
0,773,1
0,971,1
0,1213,1
0,1214,1
0,18,1
0,774,1
0,1254,1
0,775,1
0,19,1
0,972,1
0,1151,1
0,20,1
0,1152,1
0,1190,1
0,1088,1
0,973,1
0,21,1
0,22,1
0,776,1
0,23,1
0,777,1
0,778,1
0,1191,1
0,779,1
0,24,1
0,25,1
0,780,1
0,26,1
0,974,1
0,27,1
0,28,1
0,1264,1
0,1238,1
0,1153,1
0,975,1
0,29,1
0,1089,1
0,1256,1
0,781,1
0,1154,1
0,1227,1
0,782,1
0,30,1
1,31,13
1,1208,2
1,1260,2
1,1234,5
1,1261,1
1,1262,1
1,1263,1
1,1215,1
1,1148,2
1,32,1
1,964,1
1,783,1
1,1155,2
1,1225,2
1,1145,2
1,1236,3
1,784,2
1,1237,2
1,785,1
1,33,2
1,786,1
1,1090,1
1,1224,3
1,1246,1
1,1212,4
1,1209,3
1,1192,2
1,1085,1
1,976,1
1,34,1
1,1091,1
1,977,1
1,35,1
1,36,1
1,37,1
1,1189,2
1,1222,2
1,38,2
1,39,1
1,40,1
1,1147,1
1,1193,1
1,41,1
1,42,1
1,1143,1
1,1146,1
1,787,1
1,43,1
1,788,1
1,1257,1
1,978,1
1,1144,1
1,1092,1
1,1081,1
1,979,1
1,980,1
1,789,1
1,790,1
1,791,1
1,1253,3
1,1211,2
1,1093,1
1,44,1
1,1186,1
1,1087,1
1,969,1
1,792,1
1,981,2
1,982,1
1,983,1
1,1086,1
1,1239,2
1,1156,1
1,793,1
1,767,1
1,765,1
1,774,1
1,1254,1
1,45,1
1,46,1
1,1150,1
1,1094,1
1,1213,1
1,775,1
1,47,1
1,48,1
1,984,1
1,985,1
1,1194,1
1,49,1
1,50,1
1,1258,1
1,1226,1
1,1095,2
1,769,1
1,1157,2
1,1191,1
1,1158,1
1,1210,1
1,794,1
1,1096,1
1,986,1
1,795,1
1,51,1
1,796,1
1,52,1
1,53,1
1,1244,1
1,1264,1
1,1240,1
1,1159,1
1,54,1
1,55,1
1,1238,1
1,1153,1
1,56,1
1,1214,1
2,971,10
2,1234,17
2,1260,2
2,1261,1
2,1262,1
2,1263,1
2,1252,1
2,797,2
2,1097,2
2,57,1
2,987,1
2,58,2
2,1213,1
2,798,1
2,1098,1
2,1246,2
2,1099,1
2,1236,3
2,1193,1
2,1237,3
2,1089,1
2,1147,2
2,1094,2
2,1088,4
2,1085,1
2,59,1
2,1225,2
2,1143,1
2,799,1
2,988,1
2,1195,3
2,60,2
2,800,1
2,989,1
2,1151,1
2,965,1
2,1160,2
2,61,2
2,1249,1
2,1083,1
2,990,1
2,1161,2
2,983,1
2,62,2
2,63,1
2,991,1
2,992,1
2,64,1
2,801,1
2,65,1
2,1148,1
2,993,1
2,802,1
2,66,1
2,1244,1
2,1259,2
2,1222,2
2,1149,1
2,994,1
2,1241,1
2,67,1
2,68,1
2,1253,2
2,1235,3
2,803,1
2,1211,2
2,1212,1
2,1239,1
2,1152,1
2,1190,2
2,804,1
2,805,1
2,806,1
2,807,1
2,69,2
2,70,1
2,71,1
2,72,1
2,73,1
2,74,1
2,1142,1
2,1224,2
2,1095,1
2,986,1
2,1191,1
2,75,1
2,76,1
2,1157,1
2,808,1
2,1226,1
2,1100,1
2,1144,1
2,1194,1
2,995,1
2,1084,1
2,77,1
2,1154,1
2,1082,3
2,1101,1
2,809,1
2,78,1
2,1250,1
2,79,1
2,996,1
2,997,1
2,1256,1
2,1162,1
2,80,1
2,1264,1
2,81,1
2,82,1
2,1240,1
2,1227,1
2,782,1
2,810,1
3,799,9
3,1234,16
3,1260,2
3,1261,1
3,1262,1
3,1263,1
3,1215,1
3,811,1
3,998,1
3,83,1
3,84,1
3,85,1
3,86,1
3,87,1
3,812,1
3,88,1
3,1092,1
3,1161,1
3,1243,3
3,977,1
3,1143,1
3,1225,6
3,1236,2
3,1185,1
3,89,2
3,90,1
3,1187,4
3,993,1
3,1195,1
3,813,1
3,1160,1
3,1208,2
3,91,2
3,988,2
3,999,1
3,1145,3
3,1188,1
3,1155,1
3,92,1
3,1148,2
3,996,1
3,1239,1
3,814,1
3,1102,1
3,93,1
3,1083,1
3,94,1
3,815,1
3,95,1
3,96,1
3,1146,1
3,975,1
3,1193,1
3,97,3
3,1150,1
3,1094,1
3,1213,1
3,1000,1
3,1001,2
3,1226,2
3,997,1
3,98,1
3,1087,1
3,99,1
3,100,1
3,101,1
3,1002,1
3,1227,1
3,816,1
3,1237,2
3,1223,1
3,1259,1
3,1222,1
3,1149,1
3,1086,1
3,1189,1
3,981,1
3,982,1
3,102,1
3,1253,2
3,1211,1
3,103,1
3,1212,1
3,771,1
3,994,1
3,1186,1
3,1096,2
3,1228,1
3,777,1
3,968,1
3,796,1
3,1100,1
3,104,1
3,794,1
3,1003,1
3,780,1
3,817,1
3,1004,1
3,105,1
3,1224,2
3,1257,1
3,1210,2
3,818,1
3,106,1
3,107,1
3,1005,1
3,1214,1
3,819,1
3,1157,1
3,820,1
3,821,1
3,1006,1
3,1264,1
3,1246,1
3,810,1
3,1238,1
3,1192,1
3,1258,1
3,1256,1
3,108,1
3,1154,1
4,109,18
4,110,2
4,1260,2
4,1234,3
4,1261,1
4,1262,1
4,1263,1
4,1252,1
4,762,1
4,1142,2
4,822,1
4,1082,1
4,111,1
4,1246,1
4,1007,1
4,1235,1
4,1236,2
4,1193,2
4,1008,1
4,1085,1
4,1208,2
4,112,1
4,113,1
4,1145,3
4,1009,1
4,1210,1
4,795,1
4,966,1
4,1226,2
4,114,1
4,1225,4
4,823,3
4,1103,1
4,115,1
4,116,1
4,801,1
4,1195,1
4,117,1
4,815,1
4,824,1
4,1187,1
4,118,1
4,119,1
4,120,1
4,121,1
4,1143,1
4,1010,1
4,122,1
4,1153,1
4,1160,1
4,123,1
4,124,1
4,1212,2
4,1209,2
4,125,1
4,825,1
4,126,1
4,127,1
4,128,1
4,1011,1
4,1237,2
4,1244,1
4,1259,2
4,1086,1
4,1222,1
4,1188,1
4,1189,1
4,129,1
4,1223,1
4,1211,1
4,994,1
4,1093,1
4,1239,1
4,130,1
4,1080,1
4,1094,1
4,1213,1
4,1254,1
4,131,1
4,985,1
4,132,1
4,133,1
4,134,1
4,1163,1
4,826,2
4,1152,1
4,1097,1
4,1255,1
4,135,1
4,136,1
4,137,1
4,827,1
4,828,2
4,1096,1
4,829,1
4,1214,1
4,1012,1
4,1156,1
4,138,1
4,1104,1
4,139,1
4,1164,1
4,1144,1
4,140,1
4,978,1
4,141,1
4,1100,1
4,1256,1
4,992,1
4,1013,2
4,1224,2
4,1192,1
4,142,1
4,818,1
4,143,1
4,1253,1
4,830,1
4,819,1
4,1157,1
4,820,1
4,144,1
4,145,1
4,831,1
4,1158,1
4,1105,1
4,1264,1
4,1238,1
4,146,1
4,1014,1
4,832,1
4,833,1
4,781,1
4,1196,1
4,1106,1
4,967,1
4,1154,1
5,147,15
5,148,4
5,1260,2
5,1234,4
5,1261,1
5,1262,1
5,1263,1
5,1252,1
5,1249,2
5,149,1
5,150,1
5,964,1
5,834,3
5,1081,1
5,972,3
5,1223,1
5,1225,7
5,1195,6
5,1243,2
5,764,1
5,151,3
5,1259,3
5,1012,1
5,835,1
5,152,2
5,1208,1
5,1165,1
5,836,1
5,990,1
5,1161,1
5,153,1
5,1083,1
5,154,2
5,155,2
5,156,1
5,157,2
5,158,1
5,988,1
5,1009,3
5,1151,1
5,159,2
5,160,1
5,161,1
5,1160,1
5,989,2
5,162,1
5,1236,2
5,163,1
5,993,1
5,1237,1
5,1089,1
5,164,1
5,1222,1
5,1149,1
5,165,1
5,981,1
5,982,1
5,1253,2
5,1256,2
5,1210,1
5,987,2
5,1013,1
5,1239,2
5,1156,1
5,1254,2
5,166,2
5,167,1
5,168,1
5,169,1
5,170,1
5,837,1
5,1107,1
5,1108,1
5,838,1
5,1015,1
5,171,2
5,839,1
5,1016,1
5,1197,1
5,172,1
5,828,1
5,173,1
5,174,1
5,1166,1
5,175,1
5,176,1
5,829,1
5,177,1
5,178,1
5,179,1
5,822,1
5,840,1
5,825,1
5,974,1
5,180,1
5,1153,1
5,1226,1
5,1158,1
5,986,1
5,181,1
5,821,1
5,1246,1
5,1099,1
5,182,1
5,183,1
5,1109,1
5,184,1
5,1264,1
5,185,1
5,1001,1
5,1245,1
5,831,1
5,1191,1
5,186,1
5,808,1
5,1154,1
6,187,14
6,188,8
6,1256,2
6,1260,2
6,1234,4
6,1261,1
6,1262,1
6,1263,1
6,1215,1
6,1167,1
6,841,1
6,1227,1
6,1257,2
6,1226,5
6,968,1
6,1190,3
6,1239,2
6,814,1
6,189,1
6,837,1
6,190,1
6,1188,1
6,1155,2
6,1236,2
6,976,1
6,191,1
6,1208,5
6,192,1
6,966,1
6,1000,1
6,193,2
6,824,1
6,1187,2
6,842,1
6,1161,1
6,194,1
6,843,1
6,817,2
6,1223,1
6,195,1
6,1100,1
6,196,1
6,197,1
6,1165,2
6,1009,1
6,990,1
6,198,1
6,1246,3
6,1147,2
6,199,1
6,200,1
6,844,1
6,201,1
6,1090,1
6,1097,1
6,845,1
6,202,1
6,1213,2
6,203,1
6,1247,1
6,204,1
6,205,1
6,1237,2
6,1209,3
6,1092,1
6,206,1
6,1189,1
6,846,1
6,1093,1
6,1212,2
6,1253,3
6,1259,1
6,1222,1
6,1149,1
6,207,1
6,1142,1
6,208,1
6,1150,1
6,776,1
6,987,1
6,1003,1
6,1001,1
6,1254,1
6,1110,1
6,209,1
6,1211,1
6,1152,1
6,1088,1
6,1255,1
6,973,1
6,210,1
6,211,1
6,212,1
6,213,1
6,1224,1
6,992,1
6,1013,1
6,214,1
6,1105,1
6,1095,1
6,1158,1
6,830,1
6,215,1
6,216,1
6,1099,1
6,1006,1
6,1264,1
6,1240,1
6,1153,1
6,1168,1
6,217,1
6,1106,1
6,1017,1
6,1196,1
6,218,1
7,797,7
7,847,2
7,1234,13
7,1260,2
7,1261,1
7,1208,2
7,1262,1
7,1263,1
7,1252,2
7,219,1
7,1167,1
7,1246,3
7,1099,2
7,1236,1
7,1193,2
7,1008,2
7,220,1
7,221,1
7,222,1
7,223,2
7,1224,3
7,224,1
7,225,1
7,226,2
7,783,1
7,836,1
7,1160,1
7,989,2
7,813,2
7,1165,3
7,227,1
7,1195,4
7,228,1
7,229,1
7,1151,1
7,848,1
7,1225,1
7,230,2
7,800,1
7,231,1
7,232,1
7,233,1
7,977,1
7,234,1
7,235,1
7,236,1
7,849,1
7,237,1
7,823,1
7,238,1
7,239,2
7,1148,1
7,996,1
7,240,1
7,1187,1
7,241,1
7,1106,2
7,1017,1
7,1194,1
7,242,1
7,1227,1
7,243,2
7,1088,3
7,244,1
7,805,1
7,806,1
7,245,1
7,850,1
7,246,1
7,247,1
7,248,2
7,1237,2
7,1235,2
7,249,1
7,1089,1
7,250,1
7,1222,1
7,1223,1
7,1253,2
7,1259,1
7,772,1
7,251,1
7,803,1
7,997,2
7,1018,1
7,1198,1
7,1239,1
7,252,1
7,253,1
7,1082,1
7,254,1
7,809,1
7,1101,1
7,255,1
7,1162,1
7,1002,1
7,256,1
7,851,1
7,1081,1
7,1019,1
7,995,1
7,257,1
7,766,1
7,1191,1
7,1084,1
7,258,1
7,967,1
7,259,1
7,852,1
7,260,1
7,261,1
7,853,1
7,975,1
7,854,2
7,1264,1
7,262,1
7,263,1
7,264,1
7,1111,1
7,265,1
7,1007,1
7,786,1
7,1196,1
7,971,1
7,773,1
8,266,11
8,1189,3
8,1260,2
8,1234,3
8,1261,1
8,1262,1
8,1263,1
8,1215,1
8,855,2
8,763,1
8,267,1
8,1165,1
8,268,6
8,1092,3
8,1144,4
8,1161,2
8,1243,2
8,856,1
8,784,1
8,1223,1
8,1147,1
8,1225,1
8,1145,1
8,1236,1
8,1169,1
8,269,1
8,270,1
8,1187,1
8,1151,2
8,271,1
8,802,1
8,272,1
8,273,1
8,274,1
8,812,1
8,848,1
8,275,1
8,1241,1
8,1195,1
8,1212,2
8,1209,3
8,276,1
8,761,1
8,983,1
8,852,1
8,277,1
8,789,1
8,1112,1
8,278,1
8,1093,1
8,792,1
8,279,1
8,280,1
8,281,1
8,282,1
8,283,2
8,1017,2
8,1142,1
8,284,1
8,1008,1
8,1199,1
8,285,1
8,1253,1
8,286,1
8,287,1
8,288,1
8,1194,1
8,1106,1
8,850,1
8,857,1
8,289,1
8,1020,1
8,1006,1
8,1228,1
8,1021,1
8,1254,1
8,1247,1
8,290,1
8,768,1
8,291,1
8,858,1
8,292,1
8,972,1
8,293,1
8,859,1
8,294,1
8,1226,2
8,1257,1
8,295,1
8,1224,2
8,1258,1
8,778,1
8,1155,1
8,1193,1
8,1158,1
8,1191,1
8,296,1
8,297,1
8,1157,1
8,298,1
8,1259,1
8,965,1
8,299,1
8,978,1
8,779,1
8,1256,1
8,834,1
8,1084,1
8,1239,1
8,1156,1
8,1150,1
8,835,1
8,1003,1
8,1213,1
8,1012,1
8,985,1
8,1080,1
8,300,1
8,301,1
8,860,1
8,302,1
8,1152,1
8,1097,1
8,1255,1
8,303,1
8,827,1
8,973,1
8,1264,1
8,1238,1
8,1007,1
8,1237,1
8,1192,1
8,832,1
8,833,1
8,304,1
8,305,1
8,1170,1
8,306,1
9,1113,6
9,1022,7
9,1260,2
9,1229,2
9,1261,1
9,1251,6
9,1262,2
9,1263,1
9,1252,1
9,307,1
9,1159,1
9,1230,3
9,1164,2
9,1023,1
9,1168,2
9,1242,2
9,1249,1
9,308,1
9,1114,1
9,309,1
9,310,1
9,861,4
9,1107,1
9,311,1
9,312,1
9,313,1
9,314,1
9,315,1
9,1024,1
9,1200,1
9,1115,2
9,1025,1
9,862,1
9,316,1
9,863,1
9,317,1
9,1227,1
9,1090,2
9,864,1
9,1201,1
9,318,2
9,319,1
9,1250,2
9,320,1
9,1202,2
9,865,1
9,321,1
9,866,3
9,1026,1
9,322,1
9,1027,1
9,323,1
9,1116,1
9,867,1
9,324,1
9,1117,1
9,325,1
9,326,1
9,1171,1
9,327,1
9,859,1
9,328,1
9,329,1
9,1028,1
9,330,1
9,1110,2
9,1163,1
9,331,1
9,868,1
9,1246,1
9,332,1
9,1209,1
9,1255,2
9,869,1
9,984,1
9,1118,1
9,870,1
9,1103,1
9,999,1
9,1102,1
9,333,1
9,334,1
9,1029,1
9,1241,1
9,1119,1
9,1030,1
9,335,1
9,1031,1
9,336,1
9,1258,1
9,1210,1
9,1188,1
9,1172,2
9,1216,1
9,1032,1
9,1199,2
9,1231,1
9,337,1
9,338,1
9,1120,1
9,339,1
9,340,1
9,1238,1
9,341,1
9,1264,1
9,1240,1
9,1033,1
9,871,1
9,791,1
9,1232,1
9,342,1
9,343,1
9,1121,1
9,1122,1
9,1196,1
9,1235,1
10,1034,12
10,1173,6
10,1260,2
10,1229,3
10,1261,1
10,1123,1
10,1262,2
10,1263,2
10,1215,1
10,1124,1
10,344,1
10,1035,3
10,1257,2
10,1249,1
10,1230,1
10,1251,6
10,1036,1
10,872,1
10,1037,1
10,1199,1
10,345,1
10,346,1
10,1038,2
10,1039,2
10,347,1
10,1029,1
10,1247,3
10,1116,2
10,1125,1
10,1245,1
10,1239,1
10,1121,3
10,1192,1
10,1126,1
10,1040,1
10,348,1
10,873,1
10,349,1
10,874,2
10,826,1
10,1118,1
10,1127,2
10,1174,1
10,1259,1
10,875,1
10,876,1
10,1202,1
10,1163,1
10,1128,1
10,877,1
10,878,3
10,1232,2
10,1111,1
10,1129,1
10,1130,1
10,1169,1
10,1214,1
10,879,1
10,880,1
10,1217,2
10,1254,2
10,1041,1
10,881,1
10,1200,1
10,350,1
10,1197,1
10,1185,1
10,1255,1
10,1042,1
10,882,1
10,351,1
10,352,1
10,353,1
10,883,2
10,1175,1
10,884,1
10,354,1
10,1101,1
10,1043,1
10,1176,1
10,885,1
10,355,1
10,1198,1
10,356,1
10,1177,1
10,357,1
10,358,1
10,1131,1
10,886,1
10,359,1
10,1264,1
10,360,1
10,361,1
10,1250,1
10,1044,1
10,362,1
10,887,1
10,1256,1
10,1162,1
10,1045,1
10,1235,1
10,1258,1
11,1027,11
11,1228,4
11,1260,2
11,1229,3
11,1261,1
11,1199,5
11,1164,2
11,1262,1
11,1263,1
11,1252,1
11,1248,1
11,363,1
11,888,1
11,1249,1
11,1230,2
11,1251,6
11,364,1
11,842,1
11,365,1
11,998,1
11,974,1
11,1046,1
11,1031,2
11,366,1
11,1037,1
11,1038,1
11,367,1
11,368,1
11,889,1
11,1122,2
11,1047,2
11,1185,2
11,1175,1
11,864,5
11,979,4
11,369,1
11,370,1
11,371,1
11,1004,2
11,372,1
11,373,4
11,1125,1
11,1259,1
11,1048,1
11,1014,2
11,890,1
11,1201,3
11,374,3
11,1010,2
11,375,3
11,1166,2
11,1257,4
11,1241,1
11,376,4
11,377,3
11,378,2
11,379,1
11,1005,2
11,1026,1
11,1041,1
11,380,1
11,891,1
11,1146,1
11,1197,1
11,381,1
11,892,1
11,382,1
11,1101,1
11,893,1
11,383,1
11,847,2
11,384,1
11,385,1
11,870,2
11,386,1
11,1103,1
11,1246,1
11,1043,1
11,1242,1
11,1178,1
11,894,1
11,387,1
11,1119,1
11,1030,1
11,1194,1
11,388,1
11,389,1
11,390,1
11,1264,1
11,1035,1
11,1179,1
11,1049,1
11,895,1
11,391,1
11,1231,1
11,1196,1
11,1235,1
12,896,7
12,392,2
12,1231,3
12,1260,2
12,1229,3
12,1261,1
12,897,6
12,1203,3
12,1262,1
12,1263,4
12,393,1
12,898,1
12,1247,1
12,1095,1
12,1249,1
12,1230,1
12,1251,5
12,1238,1
12,394,4
12,1050,5
12,899,1
12,1198,1
12,1024,1
12,395,1
12,1162,1
12,396,1
12,1202,3
12,770,2
12,984,1
12,1051,1
12,1022,1
12,862,2
12,397,1
12,1200,3
12,875,2
12,1257,2
12,398,1
12,790,1
12,1174,1
12,399,1
12,900,2
12,400,1
12,401,2
12,844,1
12,402,1
12,1052,2
12,1146,1
12,403,2
12,404,1
12,405,1
12,881,1
12,1127,1
12,1118,1
12,868,1
12,969,1
12,406,1
12,1259,1
12,407,1
12,1250,1
12,408,2
12,1132,1
12,1039,1
12,409,1
12,1053,1
12,1214,1
12,410,1
12,411,1
12,1172,1
12,1253,1
12,1243,1
12,980,1
12,412,1
12,413,1
12,1258,2
12,1254,2
12,894,2
12,1178,1
12,1242,1
12,1241,2
12,414,1
12,415,1
12,416,1
12,1047,1
12,417,1
12,1030,1
12,1004,1
12,418,1
12,865,1
12,419,1
12,1264,1
12,1240,1
12,1218,1
12,1033,1
12,1031,1
12,420,1
12,1128,1
12,1180,1
12,421,1
12,422,1
12,1054,1
12,1167,1
12,1204,1
13,1251,9
13,1055,11
13,901,8
13,1260,2
13,1229,2
13,1261,1
13,1122,3
13,902,2
13,1262,1
13,1263,1
13,1252,1
13,1249,1
13,1230,1
13,1245,1
13,1181,1
13,1205,2
13,423,2
13,1015,1
13,1016,2
13,424,2
13,1254,1
13,880,1
13,1129,1
13,1044,2
13,1056,1
13,1020,1
13,425,1
13,1214,1
13,1057,3
13,1199,1
13,1201,1
13,426,1
13,1118,1
13,427,1
13,858,2
13,1216,1
13,1032,1
13,1104,5
13,428,1
13,429,1
13,430,1
13,431,1
13,1120,1
13,432,2
13,433,1
13,434,1
13,1010,1
13,435,1
13,903,1
13,1172,2
13,1128,1
13,893,1
13,436,1
13,904,2
13,437,1
13,1242,1
13,1175,2
13,905,1
13,1228,1
13,1255,2
13,906,2
13,1219,1
13,907,1
13,1177,2
13,438,1
13,1200,1
13,1257,3
13,1119,1
13,439,1
13,440,2
13,441,1
13,442,2
13,1018,1
13,1231,1
13,867,1
13,443,1
13,444,1
13,445,1
13,446,2
13,1133,2
13,447,1
13,1038,1
13,1174,1
13,1102,1
13,908,1
13,1043,1
13,1176,1
13,448,1
13,1124,1
13,1258,2
13,1235,1
13,909,1
13,910,1
13,884,1
13,1264,1
13,449,1
13,450,1
13,1179,1
13,451,1
13,1253,1
13,911,1
13,1107,1
13,912,1
14,1174,10
14,452,6
14,1198,5
14,1260,2
14,1229,2
14,1261,1
14,1251,6
14,453,2
14,1262,1
14,1263,2
14,1215,1
14,1249,1
14,1230,1
14,1248,1
14,1049,2
14,1164,3
14,1231,2
14,1199,1
14,913,1
14,1048,2
14,1182,1
14,1027,4
14,910,1
14,860,1
14,1091,1
14,876,1
14,914,1
14,1166,1
14,454,1
14,1206,1
14,1045,1
14,861,2
14,1115,1
14,1058,1
14,1134,1
14,455,1
14,1201,2
14,895,2
14,456,2
14,1254,3
14,890,2
14,457,1
14,866,2
14,1026,3
14,458,1
14,889,1
14,1258,2
14,1103,1
14,915,1
14,916,1
14,459,1
14,1172,1
14,460,1
14,1044,2
14,461,1
14,1178,1
14,462,1
14,1241,3
14,463,1
14,1120,2
14,464,1
14,905,1
14,898,1
14,1247,1
14,465,1
14,1047,2
14,1113,1
14,1163,1
14,1250,1
14,466,1
14,1211,1
14,467,1
14,1119,1
14,1246,1
14,468,1
14,469,1
14,917,1
14,470,1
14,1185,1
14,1175,1
14,1255,1
14,471,1
14,918,1
14,897,1
14,1203,1
14,1050,1
14,896,1
14,472,1
14,1034,1
14,1173,1
14,473,1
14,1264,1
14,1217,1
14,1053,1
14,840,1
14,1179,1
14,1035,1
14,1002,1
14,919,1
14,1112,1
14,1170,1
14,474,1
14,475,1
15,878,9
15,1232,10
15,1260,2
15,1229,2
15,1261,1
15,1033,2
15,1262,2
15,1263,1
15,1252,1
15,1249,2
15,1230,1
15,1251,5
15,1121,1
15,863,1
15,476,2
15,853,1
15,1172,3
15,1059,1
15,877,7
15,920,1
15,1130,1
15,1111,3
15,1218,1
15,921,2
15,1110,3
15,1235,1
15,1204,2
15,1115,1
15,1174,1
15,1060,2
15,1259,2
15,1034,2
15,477,1
15,1050,1
15,1250,3
15,1231,2
15,1029,1
15,1132,2
15,478,1
15,1051,1
15,839,1
15,1039,3
15,922,1
15,879,2
15,873,1
15,1169,2
15,1163,2
15,1122,3
15,976,1
15,1042,1
15,1257,2
15,1061,1
15,479,1
15,874,1
15,908,1
15,1000,1
15,1135,1
15,1258,1
15,1210,1
15,903,1
15,915,1
15,845,1
15,480,1
15,1021,1
15,481,1
15,482,1
15,483,1
15,1136,1
15,484,1
15,909,1
15,1198,1
15,1102,1
15,1058,1
15,1104,1
15,1166,1
15,485,1
15,1254,1
15,887,1
15,883,1
15,1190,1
15,979,1
15,1128,1
15,1264,1
15,1240,1
15,871,1
15,1216,1
15,1014,1
15,1020,1
15,1164,1
15,1256,1
15,1162,1
15,1192,1
16,486,5
16,487,4
16,1260,2
16,1229,2
16,1261,1
16,488,3
16,1262,1
16,1263,1
16,899,2
16,1249,2
16,1230,1
16,1251,6
16,1124,1
16,489,1
16,490,1
16,1203,2
16,491,1
16,492,1
16,906,3
16,1244,1
16,493,2
16,1125,2
16,1121,1
16,1016,2
16,494,1
16,495,1
16,1130,4
16,496,1
16,1227,1
16,1025,1
16,1018,2
16,497,1
16,1223,2
16,1087,3
16,1231,1
16,498,1
16,499,1
16,500,1
16,1202,1
16,501,1
16,502,1
16,921,1
16,1110,2
16,1204,1
16,503,1
16,1011,1
16,504,1
16,505,1
16,1062,1
16,506,1
16,911,2
16,907,2
16,507,1
16,508,1
16,872,1
16,1037,1
16,509,1
16,1205,1
16,510,1
16,920,2
16,511,1
16,1134,1
16,917,1
16,1247,1
16,512,1
16,1232,1
16,513,2
16,514,1
16,793,1
16,515,1
16,1257,1
16,1040,1
16,1129,1
16,1165,1
16,886,1
16,1063,1
16,516,1
16,1177,1
16,1178,2
16,1190,1
16,517,1
16,518,1
16,519,1
16,520,1
16,521,1
16,1170,1
16,1055,1
16,1132,1
16,970,2
16,1264,1
16,1243,1
16,919,1
16,1254,1
16,1091,1
16,522,1
16,523,1
16,1064,1
16,524,1
16,525,1
16,1209,1
16,526,1
16,1059,1
17,923,11
17,1065,6
17,1248,2
17,1260,2
17,1233,1
17,1261,1
17,1262,1
17,1263,1
17,1252,1
17,1183,3
17,924,1
17,1207,1
17,1245,1
17,1217,2
17,1242,1
17,1216,1
17,1232,1
17,1206,4
17,1066,2
17,925,1
17,1219,1
17,1052,8
17,1108,5
17,1113,6
17,1203,3
17,1098,3
17,1126,1
17,1117,1
17,926,1
17,1182,2
17,1240,3
17,1135,1
17,1137,1
17,527,1
17,528,1
17,529,1
17,1257,1
17,1136,1
17,927,1
17,1105,1
17,530,1
17,1133,3
17,928,1
17,531,1
17,929,1
17,1238,2
17,930,1
17,1059,1
17,1067,1
17,931,1
17,1068,1
17,532,2
17,533,1
17,534,1
17,535,1
17,536,1
17,1069,1
17,1205,1
17,1134,1
17,537,1
17,538,1
17,932,1
17,539,1
17,1258,1
17,1070,1
17,933,1
17,1171,1
17,540,1
17,1115,1
17,1197,1
17,1220,1
17,1179,1
17,1091,1
17,1071,1
17,1072,2
17,1036,2
17,1131,1
17,1244,1
17,541,1
17,542,1
17,1228,1
17,1255,1
17,543,1
17,544,1
17,545,1
17,1041,1
17,1247,1
17,1264,1
17,1259,1
17,1218,1
17,1064,1
17,1138,1
17,546,1
17,1184,1
17,1256,1
17,1073,1
17,1221,1
17,1173,1
18,547,9
18,934,9
18,1260,2
18,1233,1
18,1261,1
18,1262,1
18,1263,1
18,1114,1
18,980,1
18,548,2
18,1219,1
18,549,2
18,550,3
18,551,1
18,991,1
18,1248,2
18,935,3
18,1173,1
18,841,2
18,1197,4
18,1216,2
18,1232,2
18,1183,1
18,1198,1
18,1168,1
18,1139,2
18,1130,1
18,1244,2
18,1175,1
18,1135,5
18,1205,2
18,552,1
18,1186,2
18,553,6
18,1218,1
18,1190,1
18,554,1
18,882,2
18,1124,2
18,555,1
18,1042,1
18,1243,2
18,556,1
18,1257,1
18,1131,1
18,1048,1
18,936,1
18,1258,1
18,557,1
18,558,2
18,559,1
18,1045,1
18,922,2
18,560,1
18,1250,1
18,561,1
18,933,1
18,1171,1
18,843,1
18,1117,1
18,562,2
18,563,1
18,1177,1
18,1069,1
18,937,1
18,564,1
18,565,1
18,566,1
18,567,1
18,568,1
18,816,1
18,1133,1
18,1074,1
18,1052,1
18,1137,1
18,569,1
18,570,1
18,1129,1
18,1220,1
18,1264,1
18,1259,1
18,1245,1
18,1181,1
18,1217,1
18,1256,1
18,1073,1
18,938,1
18,1071,1
18,939,1
18,940,1
19,941,13
19,1140,5
19,1260,2
19,1233,1
19,1261,1
19,1262,2
19,1263,1
19,1215,1
19,1207,1
19,1064,1
19,942,1
19,943,3
19,571,3
19,1245,1
19,944,3
19,1216,3
19,1232,3
19,970,2
19,902,1
19,1056,2
19,1256,3
19,1046,1
19,1183,1
19,945,2
19,1108,2
19,1067,1
19,572,1
19,946,2
19,854,1
19,573,4
19,574,1
19,575,1
19,576,1
19,1019,1
19,577,1
19,1028,2
19,1105,1
19,1156,2
19,578,1
19,579,1
19,1116,1
19,804,1
19,928,1
19,580,1
19,581,1
19,1049,1
19,1075,4
19,947,1
19,1241,2
19,948,1
19,582,1
19,1251,3
19,583,1
19,1170,1
19,584,1
19,1139,1
19,1054,1
19,1244,1
19,1074,1
19,1217,1
19,1179,1
19,585,2
19,949,1
19,1248,2
19,1127,1
19,950,1
19,1250,1
19,586,2
19,1051,2
19,587,1
19,1228,1
19,1132,1
19,588,1
19,1200,1
19,951,1
19,1023,1
19,1168,1
19,1242,1
19,1247,1
19,1258,1
19,1070,1
19,1076,1
19,589,1
19,1220,1
19,1255,1
19,590,1
19,591,1
19,1066,1
19,1264,1
19,1259,1
19,952,1
19,1181,1
19,1077,1
19,1204,1
19,1221,1
19,939,1
19,940,1
19,938,1
20,1182,13
20,1140,6
20,1046,1
20,1260,2
20,1233,1
20,1261,1
20,1262,2
20,1263,1
20,1114,1
20,1219,1
20,592,4
20,1141,1
20,788,1
20,998,1
20,593,1
20,924,1
20,1207,3
20,1116,1
20,594,1
20,1258,3
20,953,2
20,1206,2
20,1221,1
20,1220,1
20,1123,1
20,1248,1
20,1183,2
20,595,4
20,596,1
20,597,3
20,598,1
20,954,1
20,1184,1
20,1036,2
20,599,1
20,1133,1
20,600,1
20,1185,1
20,601,1
20,602,1
20,603,1
20,604,1
20,605,1
20,606,2
20,607,3
20,608,1
20,609,1
20,1098,1
20,949,3
20,1139,1
20,610,1
20,1075,1
20,611,1
20,1253,1
20,1125,1
20,612,1
20,891,1
20,613,1
20,787,1
20,785,1
20,798,1
20,614,1
20,615,1
20,1218,1
20,1242,1
20,616,1
20,617,1
20,991,1
20,1228,1
20,618,1
20,1186,1
20,619,1
20,1231,1
20,620,1
20,904,1
20,916,1
20,811,1
20,1061,1
20,955,1
20,1040,1
20,1109,1
20,1138,3
20,1071,1
20,1255,1
20,621,1
20,622,1
20,1241,2
20,623,1
20,956,1
20,624,1
20,625,1
20,626,1
20,856,1
20,1127,1
20,627,1
20,628,1
20,957,1
20,1264,1
20,1180,1
20,1024,1
20,1176,1
20,1111,1
20,1078,1
20,1072,1
20,1054,1
20,1167,1
20,629,1
21,630,12
21,1140,4
21,1248,2
21,1260,2
21,1233,1
21,1261,1
21,1262,1
21,1263,1
21,1252,1
21,1207,1
21,1219,1
21,1171,5
21,1184,2
21,1251,2
21,958,6
21,631,1
21,1256,1
21,632,1
21,959,1
21,633,2
21,634,1
21,1203,1
21,1206,3
21,635,1
21,1169,1
21,1126,1
21,960,1
21,1136,1
21,636,3
21,637,2
21,638,5
21,846,1
21,1137,1
21,639,1
21,640,1
21,937,1
21,641,1
21,642,1
21,643,1
21,644,1
21,1244,1
21,645,5
21,1201,1
21,646,1
21,647,1
21,648,1
21,649,3
21,1227,1
21,1141,2
21,1069,2
21,650,1
21,1005,1
21,961,1
21,1205,1
21,1182,1
21,1080,1
21,1243,1
21,651,1
21,1221,3
21,1109,1
21,1138,1
21,652,1
21,1180,1
21,653,1
21,995,1
21,654,1
21,1053,1
21,655,2
21,1220,2
21,1241,1
21,656,1
21,1131,1
21,1197,1
21,657,2
21,1155,2
21,936,1
21,1107,1
21,658,1
21,1090,1
21,1258,2
21,1076,1
21,1257,1
21,901,1
21,1063,1
21,659,1
21,660,1
21,1061,1
21,661,1
21,662,1
21,1240,1
21,663,1
21,1057,1
21,1264,1
21,1259,1
21,1218,1
21,1078,1
21,931,1
21,1068,1
21,1112,1
21,1159,1
22,944,9
22,1204,7
22,1076,3
22,1260,2
22,1233,1
22,1261,1
22,1262,1
22,1263,1
22,664,1
22,1221,2
22,1136,1
22,959,1
22,665,1
22,1250,2
22,951,2
22,1200,1
22,1056,1
22,1256,2
22,1248,1
22,925,1
22,1112,1
22,666,2
22,667,1
22,1216,2
22,1232,2
22,668,1
22,1205,4
22,807,1
22,669,1
22,1255,2
22,670,1
22,671,1
22,672,1
22,838,1
22,673,1
22,912,1
22,674,1
22,675,1
22,999,1
22,1120,1
22,1075,5
22,1063,1
22,1060,1
22,676,1
22,956,1
22,1177,2
22,1055,1
22,677,1
22,678,1
22,1257,1
22,945,1
22,679,1
22,680,1
22,942,1
22,681,1
22,943,1
22,1244,1
22,682,1
22,683,1
22,962,1
22,941,1
22,1028,1
22,1251,3
22,1194,1
22,1159,1
22,684,1
22,948,1
22,1139,1
22,885,1
22,963,1
22,914,1
22,685,2
22,1217,1
22,1245,1
22,1015,1
22,686,2
22,687,2
22,923,1
22,1184,2
22,1074,1
22,1057,3
22,946,1
22,688,1
22,1247,1
22,932,1
22,1242,1
22,1258,1
22,1218,1
22,689,1
22,690,1
22,691,1
22,692,1
22,1104,1
22,693,1
22,694,1
22,1264,1
22,1259,1
22,952,1
22,1228,1
22,1021,1
22,695,1
22,1073,1
22,696,1
22,1167,1
22,1196,1
22,1079,1
23,697,11
23,698,4
23,1108,3
23,1260,2
23,1233,1
23,1261,1
23,1262,2
23,1263,1
23,1252,1
23,1219,2
23,849,4
23,1166,1
23,699,2
23,1184,1
23,855,1
23,700,1
23,1207,2
23,1242,2
23,1206,5
23,1066,3
23,1259,1
23,1181,1
23,1217,2
23,701,1
23,702,1
23,703,1
23,1109,1
23,1203,2
23,1141,2
23,704,1
23,1025,1
23,1183,2
23,1255,1
23,1135,2
23,705,1
23,706,1
23,707,2
23,708,2
23,869,1
23,709,1
23,710,1
23,1019,1
23,711,3
23,712,1
23,713,1
23,714,2
23,715,1
23,961,1
23,716,1
23,1243,3
23,913,1
23,717,1
23,718,1
23,927,1
23,719,1
23,720,1
23,1248,2
23,721,1
23,722,1
23,723,1
23,1065,2
23,1240,1
23,1062,1
23,1098,1
23,724,1
23,725,2
23,726,1
23,958,1
23,1077,2
23,1113,2
23,1032,1
23,727,1
23,1011,1
23,1134,1
23,1096,1
23,728,1
23,1068,1
23,729,2
23,935,1
23,1258,2
23,1250,1
23,1022,1
23,1123,2
23,730,1
23,731,1
23,1202,1
23,732,1
23,733,1
23,1220,1
23,1264,1
23,1180,1
23,1078,1
23,1176,1
23,851,1
23,1245,1
23,1173,1
23,857,1
23,1221,1
23,1079,1
24,947,7
24,1207,5
24,1260,3
24,1233,4
24,1261,1
24,1262,1
24,1263,1
24,1114,1
24,1219,1
24,1169,2
24,1243,1
24,1248,2
24,892,1
24,1170,1
24,1245,2
24,1206,4
24,1221,3
24,1259,2
24,1168,3
24,1220,3
24,1204,1
24,1140,2
24,1126,1
24,1067,2
24,734,4
24,735,2
24,1065,1
24,736,1
24,737,1
24,1023,2
24,930,1
24,1077,1
24,738,1
24,963,1
24,1247,2
24,1255,1
24,739,1
24,1238,1
24,1201,1
24,740,1
24,1060,1
24,1117,1
24,926,1
24,1182,2
24,950,1
24,1186,1
24,741,1
24,1188,1
24,1141,1
24,888,3
24,742,1
24,1072,1
24,1138,2
24,743,3
24,744,1
24,957,1
24,745,1
24,1159,1
24,746,1
24,747,1
24,748,1
24,934,1
24,749,1
24,1137,1
24,750,1
24,962,1
24,1264,2
24,918,3
24,960,1
24,929,1
24,1062,1
24,751,1
24,752,1
24,753,1
24,954,1
24,1250,1
24,754,1
24,755,1
24,1058,1
24,1258,1
24,1070,1
24,1123,2
24,953,1
24,900,1
24,756,1
24,757,1
24,1171,1
24,758,1
24,759,1
24,760,1
24,1181,1
24,1202,1
24,1079,1
24,1180,1
24,955,1
24,1176,1
24,1178,1